top_pct,n,uplift_gain
0.01,1500,0.23094662638687963
0.02,3000,0.21501186569307934
0.05,7500,0.14608484823217815
0.1,15000,0.13434191203222423
0.2,30000,0.09425675950787588
0.3,45000,0.07802348901141806
0.5,75000,0.05033946168956163
1.0,150000,0.0
