empirical_uplift,treated_mean_outcome,control_mean_outcome,treated_n,control_n
0.930078387260437,0.9278339743614197,-0.002244400093331933,25243,124757
